platform,username,post_date,caption_text,post_type,likes,comments,hashtags
Instagram,shanudrie,07/07/2025,"Back at one of my most favorite go-to spots in ColomboğŸ«¶ğŸ» Checked out the newly brewed @teatimerocks last weekend and I love how it felt enjoying good food, drinks & chitchats with a good friendğŸ§¡ Save this post if you want to have or spill the finest tea ğŸ«–ğŸ§¡",Video,19300,58,#Colombo  #weekends @teatimerocks
Instagram,shanudrie,11/07/2025,My first time trying crazy fusion food at a food festival and that too withğŸ‘ŒğŸ»ğŸ§¡ğŸ“ EGB Kemakalawa Mawathagama,Image,10900,44,#EGBkemakalawa #NoEGBNoFood #Mawathagama #Kurunagala #FusionFood #EGBMocktails
Instagram,shanudrie,10/07/2025,"Here are the answers from my doctor himself, in detail and very clearly, for those of you who have asked a lot of questions about my IV Drip Video ğŸ˜ŠğŸ’–If you want to know more, if you are interested in getting an IV Drip, call Christell Luxury Wellness today on 0117 499 299.",Video,7749,10,#ivdrip #christell #christellskinclinic #christellluxurywellness #elixir
Instagram,shanudrie,11/07/2025,Had a long day? Refresh your self with the scent of luxuryâœ¨Proud to be a part of this beautiful story with @lux.sl bodywash ğŸ’œ,Video,3190,24,#ivdrip #christell #christellskinclinic #christellluxurywellness #elixir
Instagram,shanudrie,15/06/2025,Sunday vlogging just got better with the @anchor_newdale milkshakeğŸ˜‹ and thank you @celestedaily.lk for delivering in minutes ğŸ™ğŸ»,Video,17700,87,#newmilkshake #readytodrink #ad #shopping #sundays
Instagram,shanudrie,14/06/2025,"STOP! ğŸš« Shanudrie Priyasad is addicted to this! If you watch till the end, we are not responsible if you get addicted to our Hair Revitalised Scalp Treatment âœ… Clears scalp acne âœ… Reduces hair fall âœ… Brings back your natural hair glow Because your hair deserves to be a crown Now trending only at Dermaplan Academy, just like it did for Shanudri Priyasad",Video,5500,33,#ShanudriPriyasad #ScalpTreatment #HairFallSolution #AddictedToGlow #DermaplanAcademy #HairCareSL #CrownYourHair #ScalpCareRoutine #HealthyHairGoals #ViralHairTreatment
Instagram,shanudrie,17/06/2025,I said yes! To new wheels! â¤ï¸ğŸ”¥,Video,41388,209,#TataPassenger #TataPV #Dimo #PassengerVehicles
Instagram,shanudrie,18/06/2025,Can you give me a STREET BURGER to get me in shape?ğŸ™ˆ ORDER the yummiest juiciest burgers now via 0112 548 548 OR visit order.streetburger.lk,Video,11500,46,#TataPassenger #TataPV #Dimo #PassengerVehicles
Instagram,shanudrie,19/06/2025,Should we go to the UK and do higher studies??? ğŸ‡¬ğŸ‡§Check out the full video for all details and connect with @ahzassociates.srilanka for more!,Video,15100,192,#TataPassenger #TataPV #Dimo #PassengerVehicles
Instagram,shanudrie,20/06/2025,"Last time I did an IV drip video, a lot of people said, I heard that I was taking a Whitening Injection. So I said it then, and today I'm telling you this is a Nutritional Cocktail, not a Whitening Injection that will make you pale! On my second IV drip ğŸ’§ and let me tell youâ€¦ this is not just a drip â€” itâ€™s an investment in how I feel, live, and glow âœ¨ Iâ€™m not doing this to change my skin tone or follow some trend. This is for hydration, glow, and most importantly â€” to fill the gaps my body misses because of crazy schedules, skipped meals, and forgotten water bottles ğŸ¥² No time for 10 different pills. No patience for half-absorption vitamins. This is 100% nutrients straight into my system â€” and my body? LOVES it. Drip 2.0 loading âœ… Health first, glow second âœ¨",Video,7166,48,#elixirivdrip #glowfromwithin #christellluxurywellness #christelllifecolombo #christellskinclinic
Instagram,shanudrie,21/06/2025,"Everytime I feel like cutting my hair short cus of damages, @dermaplan_academy comes up with a new treatment and change my mindğŸ’†ğŸ»â€â™€ï¸ Trying out the latest revitalizing scalp treatment and I cant wait for my next appointmentğŸ™ŒğŸ¼ Contact @dermaplan_academy for more details",Video,14600,25,#Hairtreatments #Dermaplan #scalptreatments #healthyhair
Instagram,shanudrie,22/06/2025,Love the magic that Indian jewelry do to any outfitğŸª„â™¥ï¸ Thank you @designerwear.by.maz for creating the beautiful outfit last minuteğŸ™ŒğŸ¼,Video,16200,82,#styling #weddings #indianthemed #Indianjewelry #weddingguestoutfit
Instagram,shanudrie,23/06/2025,Dreaming of my next vacay already! Any guesses where Im off to???â˜€ï¸ğŸ‘™âœˆï¸,Video,25300,174,#Vacation #family #holidays #April #Digana #SriLanka #Travel #trips
Instagram,shanudrie,05/03/2025,Its been a while since I spent some time and money at @down_town_clothing_online ğŸ’“ Perfect place to get your Avurudu gifts readyğŸ«¶ğŸ»,Video,10800,55,#Vacation #family #holidays #April #Digana #SriLanka #Travel #trips
Instagram,shanudrie,14/03/2025,"Thank you @ayanasea_srilanka for the beautiful picnic lunch made just for us. Enjoyed every bit of itğŸ«¶ğŸ» The food, peace and the beach will definitely bring me back to the villa!",Image,62296,190,#picnic #lunch #minivacay #wadduwa #gardens #views
Instagram,shanudrie,23/02/2025,Mules from @aldo_shoes brought down by @shopiraby_prabha,Image,49200,170,#grwm #mules #styling #browndress #inspo
Instagram,shanudrie,19/02/2025,Our grandmother's delicious Savory Rice recipe that will be passed down to the next generationğŸ˜‹ğŸ’› Create a video of your favorite memories with Astra and inbox us today at 0722 189 100 Whatsapp or @astrasl.insta page.,Video,13926,60,#Astra #RasaMathaka
Instagram,shanudrie,16/02/2025,Yesterday in Colombo!ğŸ’ Oversized Satin shirt from @sophie_ceylon by @gunidu_dasun,Image,33119,99,#Hair #Pink #colombo #performing #Priye
Instagram,shanudrie,25/01/2025,Where Jelly meets CollagenğŸ«¶ğŸ»ğŸ«±ğŸ½â€ğŸ«²ğŸ¾ğŸ©· Havent really discovered a more fun way to make healthy taste better! Let me know your thoughts on @jellegen too!,Video,9429,32,#Jellegen #collagen #fun #tasteBetter #motha
Instagram,shanudrie,12/01/2025,"When you're all set to go out but can't decide on which bag, slides and accessories to go with because they are all stylish, comfy and chicğŸ«  Before you ask; Head over to @pairedofficial to find cute stuff like this. And now you help me pick which bag, slides, accessories go with my outfit!!ğŸ™ˆ",Image,35500,50,#bag #slides
Instagram,shanudrie,11/01/2025,à·ƒà·”à¶±à·Šà¶¯à¶»à·“. Shanudrie Priyasad. Hair and makeup - Hashara Kodithuwakku. Wardrobe - Era by Eranjana. Styling/ Concept - Raffealla Fernando. Post production artist - Dilsh.,Image,21900,65,#rfcc2025 #RFCC #RaffeallaFernandoPhotography #Photography
Instagram,shanudrie,12/01/2025,Sharing my love story and a new secretğŸ’• Visit www.amoreclothing.lk,Video,17363,45,#Love #fashion #Amore #styling #clothing #colombo
Instagram,shanudrie,09/01/2025,Made you look! @makeupbyhisham @gunidu.designer.wear @arantha_photography,Image,38486,221,#Portrait #shoots #moments #captures
Instagram,shanudrie,15/12/2024,Now it doesn't matter who comes to the house because the walls are beautiful..ğŸ™ˆ Call @asianpaintscauseway Safe Painting service on 0777 272 272 for a FREE site evaluation,Image,19776,37,#Festive #gettingReady #holidays #newHome #painting #AsianPaints
Instagram,shanudrie,13/12/2024,Im sharing only the best seasonal offers with you this yearğŸ˜‰My go-to store has better deals thisğŸ„.Go check them out!ğŸ›ï¸,Video,18300,62,#ChristmasOffers #season #festive #fashionStores #styleInspo
Instagram,shanudrie,13/12/2024,Is your hair a mystery too? The answer is in this video!,Video,5140,42,#SunsilkSL #SunsilkNaturals #Shampoo #OnionandJojobaOil #hairfall
Instagram,shanudrie,12/12/2024,Im just a chill girl when it comes to Christmas and Shopping ğŸ›ï¸ğŸ„ğŸ’– Visit @nolimit_srilanka at CCC or the closest outlet to grab all your festive favorites before it's late!!ğŸ«¶ğŸ½,Video,13041,48,#Shopping
Instagram,shanudrie,08/12/2024,Guess what's new in Sri Lanka??ğŸ¥³ The cutest E-scooter from @atherenergy is finally launched here. Get your hands on this buddy to make your rides smoother and our country a better place to liveğŸ«¶ğŸ½ Checkout @atherenergy_sl for more!,Video,6369,8,#E-scooter #launchesInSL #ecoFriendly #betterCountry #newRide
Instagram,shanudrie,04/12/2024,There's no other way I'd spend all my savingsğŸ’°ğŸ™‚â€â†”ï¸ Bought almost all the essentials from @kitchenarcade_lk and I won't regret! What else do you think is missing in our kitchen now?ğŸ™ˆ,Video,10342,32,#Homeware #kitchenware #new home #essentials #newAddiction
Instagram,luna_peech,17/07/2025,These VGA cards ğŸ˜©ğŸ«¶ğŸ» @msigaming_lk best ones I saw in Taiwan Computex 2025,Video,117,1,#vga #gamming
Instagram,luna_peech,15/07/2025,Needed a Vacation after a vacation ğŸ’€ Is everything on your Rainy day checklist? @vaselinesl,Video,1192,25,#vacation 
Instagram,luna_peech,11/07/2025,The cargo pants and t-shirt will be released tonight at 7pm on www.flexxdesigns.com ğŸ¥°ğŸ’™,Video,640,27,#t-shirt #cargoPant
Instagram,luna_peech,10/07/2025,Cargo pants will be released tomorrow on www.flexxdesigns.com,Video,351,10,#cargoPant
Instagram,luna_peech,09/07/2025,Dialog Power plan à¶‘à¶šà·™à¶±à·Š à¶”à¶ºà· à¶šà·à¶¸à¶­à·’à¶¸ Android 5G smart phone à¶‘à¶š à¶¯à·à¶±à·Š 40% à·€à·’à¶­à¶»à¶šà·Š à¶œà·™à·€à¶½ à¶œà·™à¶¯à¶» à¶…à¶»à¶±à·Š à¶ºà¶±à·Šà¶± à¶´à·”à·…à·”à·€à¶±à·Š.â€ Yes? @dialoglk,Video,542,7,#power #smartphones #dialoglk
Instagram,luna_peech,08/07/2025,OLED Ai care sensor â˜ºï¸ğŸ’™ . I need an OLED monitor soon @msigaming_lk,Video,120,0,#msigaming #msi #srilanka #gamergirl #games
Instagram,luna_peech,07/07/2025,Have you tried the new Premium Chocolate in Sri Lanka that everyone is looking for? My fv is Coffee cream with cookie chunks ğŸ¥¹. Celebrate World chocolate day. Add @roccoa.chocolate Ritzburry Roccoa Chocolates â˜ºï¸ğŸ’™,Video,764,11,#roccoa #TasteLaVida #chocolate #premiumchocolate #cocoa
Instagram,luna_peech,02/07/2025,Pinky set up ğŸ¥¹ğŸ’–ğŸŒ¸ğŸ’•ğŸ’—ğŸ’“. Camera shy gamer girls!!!! Here's a chance to comfortably stream games â˜ºï¸â˜ºï¸,Video,159,1,#msigaming #msi #srilanka #gamergirl #games
Instagram,luna_peech,30/06/2025,Crazy VGA card set ğŸ˜©ğŸ¤ŒğŸ» Computex 2025 in Taiwan ğŸ‡¹ğŸ‡¼,Video,377,10,#msi #gamergirl #gamer #graphiccard #vga
Instagram,luna_peech,29/06/2025,Twisted by Emily mcintire  bookğŸŒŸğŸŒŸ/5,Video,156,2,#book
Instagram,luna_peech,24/06/2025,The scarlet Veil Book â˜ºï¸ğŸ’™,Video,305,4,#book
Instagram,luna_peech,21/06/2025,Beauty of Joseon is now officially launching in Sri Lanka exclusively through @orionxoxolk . Yeeey â˜ºï¸ğŸ’™,Video,843,9,#Beauty #body #face
Instagram,luna_peech,18/06/2025,"Luna Peech - A Spark of Sri Lankan Creativity âœ¨Iâ€™m a huge fan of Luna Peech, and this drawing is my small tribute to her amazing energy and creativity. Sheâ€™s not just a content creatorâ€”sheâ€™s a whole vibe! âœ¨ From her confidence to her style and fearless personality, Luna has been such a big inspiration to me. I really enjoyed working on this and hope it captures a little of the magic she brings to all of us. ğŸ’«Thank you, Luna, for being 100% real and showing us how powerful self-expression can be. ğŸ’•ğŸ¥Luna Peech",Video,738,8,#doodloo #doodles #foryouã‚· #foryoupageã‚· #procreate #artist #art #artistsoninstagram #ArtistsOnFacebook #procreateart #draw #cute #cartoon #giftideas #gifts #illustration #Illustrator #customized #srilanka #songs #fypã‚·ã‚š #fypã‚·ã‚šviralã‚· #trend #lunapeech #fanart #contentcreator #gamers #booktoker
Instagram,luna_peech,12/06/2025,The kiss thief by L J Shen book ğŸŒŸğŸŒŸğŸŒŸ.5/5,Video,193,16,#book
Instagram,luna_peech,13/06/2025,Hair done by @hair_by_irajtoussaint â˜ºï¸ğŸ’™,Video,1069,35,#Hair
Instagram,luna_peech,14/05/2025,"For those who find it difficult to cook like us...Introducing @kitchen.mas Curry paste ranges â˜ºï¸ It's so easy, and the flavors ğŸ˜©ğŸ¤ŒğŸ»â€¦ fool proof ğŸ˜ Used products:- Maâ€™s kitchen Jaffna curry paste",Video,1488,33,#Kitchen #food
Instagram,luna_peech,28/08/2023,"You know what, I have the foodğŸ•ğŸ and I own it.",Image,276,3,#food
Instagram,luna_peech,12/08/2023,Soooooo good ğŸ¤ŒğŸ»ğŸ¤ŒğŸ»ğŸ¤ŒğŸ» I didnâ€™t eat the prawns ones ğŸ¥²,Image,463,5,#food
Instagram,luna_peech,30/07/2023,Entering to the Book girly era ğŸ‘€,Image,672,8,#Book
Instagram,luna_peech,05/07/2023,Ordering this coffee for the 3rd time ğŸ«¶ğŸ¤ŒğŸ»ğŸ˜«,Image,398,0,#coffee #homebrewing #inspo #trendyzonesrilanka #caffeine
Instagram,luna_peech,02/07/2023,I loooooove sweetened popcorn ğŸ¿ ğŸ˜«ğŸ¤ŒğŸ»,Image,686,8,#popcorn
Instagram,luna_peech,24/04/2023,All black day. Love the @mooseclothingco tshirt ğŸ’™,Image,617,8,#tshirt
Instagram,luna_peech,07/04/2023,Love this hairstyle ğŸ¥¹ğŸ’™,Image,812,812,#hair
Instagram,luna_peech,03/04/2023,mango pancakes ğŸ¥,Image,397,2,#food
Instagram,luna_peech,08/02/2023,Kyle loves this bag ğŸ¤­ğŸ’™,Image,1262,6,#bag
Instagram,luna_peech,29/01/2023,Waiting for my freaking coffee ğŸ˜…,Image,724,7,#coffee #homebrewing #inspo #trendyzonesrilanka #caffeine
Instagram,luna_peech,15/12/2022,Same hair ğŸ¤­,Image,304,1,#hair
Instagram,luna_peech,24/04/2022,Breakfast in my new kitchen â˜ºï¸ğŸ’™,Image,64,2,#food
Instagram,luna_peech,15/03/2022,I think i had a coffee there ğŸ¤”,Image,69,0,#coffee #homebrewing #inspo #trendyzonesrilanka #caffeine
Instagram,luna_peech,15/03/2022,Not to mention the blue hair days ğŸ™ˆğŸ’™,Image,65,0,#hair
Instagram,praveenaonline,20/08/2025,"If youâ€™re heading to KCC before the 31st of August and youâ€™ve got a Peopleâ€™s Bank credit cardâ€¦ just know, youâ€™re in for some really good perks. Quiet luxury? Maybeâ€¦",Video,1312,25,#praveenaonline #peoplesbank
Instagram,praveenaonline,08/04/2025,Oceanâ€™s wild child ğŸŒŠğŸª¼ğŸ’™,Image,6411,55,#praveenaonline #srilanka #visitsrilanka
Instagram,praveenaonline,04/04/2025,Screen. Stage. Sea. There are no limits ğŸŒŠ ğŸª¸ğŸª¼,Video,1127,40,#praveenaonline #visitsrilanka #srilanka
Instagram,praveenaonline,16/03/2025,If â€˜sereneâ€™ was a mood âœ¨ğŸ¤ŒğŸ»,Image,11194,77,#praveenaonline #softaesthetic
Instagram,praveenaonline,19/02/2025,Surfing gives me wings ğŸ˜ŒğŸŒŠğŸ„â€â™€ï¸,Image,4195,66,#praveenaonline #surfing #weligama #srilanka
Instagram,praveenaonline,16/02/2025,Swipe for coastal chaos. ğŸŒŠğŸŒºğŸŒ´,Image,24613,146,#praveenaonline #downsouth #srilanka #weligama #coastal #travel
Instagram,praveenaonline,14/02/2025,Ditching candlelit dinners for golden hour surf.ğŸ„â€â™€ï¸ ğŸŒŠâœ¨,Video,2257,61,#SeaMyValentine #praveenaonline #downsouth #weligama #srilanka
Instagram,praveenaonline,02/01/2025,Education is where your future begins. Choosing the right path isn't just a decisionâ€”it's the key to success. The ICBT Edu Expo makes it easy to explore your options and plan your next steps. Be there!,Video,1057,12,#campus
Instagram,praveenaonline,30/12/2024,"The most glamorous night of the year âœ¨ Lux Silver Night 2024, December 31st at 9pm on Sirasa TV",Video,641,9,#Lux #LuxSriLanka #SriLanka #Skin
Instagram,praveenaonline,24/11/2024,"Not just soap, it's a whole skincare vibe âœ¨ Lux = glow, confidence, and luxury in every bar ğŸ’–",Video,1473,50,#skin
Instagram,praveenaonline,24/08/2024,In the mood for a saree moment ğŸ¤ğŸŒ±,Image,6867,68,#saree #praveenaonline #sareenotsorry
Instagram,praveenaonline,19/07/2024,"Coffee first, beauty always â˜•ğŸ’„",Image,9552,29,#praveenaonline #coffeeholic #feelingpretty
Instagram,praveenaonline,01/06/2024,Todayâ€™s outfit feels like a hug ğŸ©µ,Image,1818,60,#outfit
Instagram,praveenaonline,24/05/2024,Rainy days are for cozy sweaters and warm drinks ğŸŒˆğŸŒ§ï¸,Image,4259,20,#rain #cloching
Instagram,praveenaonline,14/09/2023,Join me and bake my favorite chocolate cake ğŸ«ğŸ‚ with my Frigidaire Hand Mixer and Russell Hobbs Air Fryer from Abans!,Video,530,50,#food
Instagram,praveenaonline,05/09/2023,Work Break vibes ğŸ¤,Image,3747,65,#lily #clothing
Instagram,praveenaonline,19/08/2023,"Thank You @sunfm for Having Me in The Most Exclusive Yacht Party in Sri Lanka â€œRUMBAâ€. It was absolutely amazing! The sun, the breeze, and the music made it unforgettable! ğŸŒğŸŒŠğŸ‰",Image,7675,110,#sunfm #sea
Instagram,praveenaonline,17/08/2023,"Celebrating Moose's 5th anniversary!!ğŸ‰âœ¨They even launched a fabulous perfume called Perfect Mist! It was such an incredible night, and I'm thrilled to share all the highlights with you. Join me as we dive into the fashion and fragrance world together!",Video,1542,56,#moosefive #mooseclothingcompany #theperfectfit #theperfectmist
Instagram,praveenaonline,22/07/2023,"Witness the dynamic collaboration of @rogermartinezmusic with our finest local lineup onboard!!! ğŸ‘½ @yaga.sl will be held on the 29th July at Jetty Green, Waters Edge Colombo. ğŸŒˆ Don't miss out on this experience! See you there âœ¨",Image,3543,50,#yoga
Instagram,praveenaonline,15/07/2023,Leave the drama down there. Letâ€™s party up here,Image,7592,30,#cloth
Instagram,praveenaonline,24/05/2023,"Wake-up, Dress up and Repeat ğŸŒˆâœ¨",Video,4098,30,#Dress
Instagram,praveenaonline,05/04/2024,"I also went to NOLIMIT to do some shopping for the New Year, within my means",Video,2351,13,#cloth #shopping
Instagram,praveenaonline,15/12/2022,"I bought it, drank it, enjoyed it, and returned it.. You guys should also buy it and enjoy it..",Video,5360,50, #GoodForThePlanet #GoodForThePocket #BigBuddyPack #ReturnMagic #CocaColaSL
Instagram,praveenaonline,05/02/2022,Like Joey I don't share my food! ğŸ™„ğŸ˜‚,Image,9729,30,#Dress
Instagram,praveenaonline,25/01/2022,"self confidence is a super power. Once you starts to believe in yourself,magic starts happening.âœ¨",Image,11386,40,#shopping #koko #daraz #buynowpaylater #instadaily
Instagram,praveenaonline,26/12/2021,My kind of perfect âœ¨,Image,16855,30,#dress
Instagram,praveenaonline,14/12/2021,"The new Clogard Fresh comes with mint, cloves, cinnamon and other fresh ingredients that give it an irresistible freshness!",Video,17414,100,#Clogard #clogardfresh
Instagram,praveenaonline,09/12/2021,"Be fresher, be ready!",Video,27303,120,#Clogard #clogardfresh
Instagram,praveenaonline,28/07/2021,~Blessed~ ğŸŒ¸,Image,13359,50,#dress
Instagram,praveenaonline,20/07/2021,Iâ€™m in love with this shoot ğŸ¥ºâœ¨ thank you,Image,12338,40,#dress
Instagram,_wildcookbook_,01/07/2025,Enjoying a delicious homemade Sri Lankan curry today!,Image,5200,74,#Foodie #SriLanka #ChefLife
Instagram,_wildcookbook_,02/07/2025,Creamy garlic pasta recipe coming your way ğŸğŸ§„,Video,6800,64,#PastaLove #HomeCooking
Instagram,_wildcookbook_,03/07/2025,Morning coffee vibes from the hills â˜•ğŸï¸,Image,4300,94,#NuwaraEliya #CoffeeTime
Instagram,_wildcookbook_,04/07/2025,Quick and easy 10-minute breakfast ideas ğŸ³ğŸ§‡,Image,7220,333,#BreakfastClub #QuickMeals
Instagram,_wildcookbook_,05/07/2025,Spicy chicken curry to spice up your day ğŸ›ğŸ”¥,Image,5600,474,#ChickenCurry #SriLankanFood
Instagram,_wildcookbook_,06/07/2025,Fresh and healthy fruit salad ğŸ¥—ğŸ‰,Video,3200,75,#MilkTeaLover #TeaTime
Instagram,_wildcookbook_,07/07/2025,How to make the perfect cup of milk tea ğŸµâœ¨,Video,4000,95,#HealthyEating #FruitSalad
Instagram,_wildcookbook_,08/07/2025,Easy lunchbox ideas for busy days ğŸ±ğŸ’¼,Image,8000,43,#LunchBoxIdeas #MealPrep
Instagram,_wildcookbook_,09/07/2025,Flavorful fried rice recipe youâ€™ll love ğŸšğŸŒ¶ï¸,Video,5467,85,#FriedRiceLover #QuickFood
Instagram,_wildcookbook_,10/07/2025,Watch me plate this dish like a pro chef ğŸ‘¨â€ğŸ³ğŸ“¸,Video,4648,55,#FoodPlating #AestheticEats
Instagram,_wildcookbook_,11/07/2025,Trying out a new dessert recipe today ğŸ°ğŸ˜‹,Video,4644,85,#DessertLover #SweetTooth
Instagram,_wildcookbook_,12/07/2025,Homemade spicy sambol to add a kick to your meals ğŸŒ¶ï¸,Video,7585,95,#Sambol #SpicyFood
Instagram,_wildcookbook_,13/07/2025,Classic Sri Lankan hopper breakfast ğŸ¥ğŸ³,Video,6474,85,#Hoppers #SriLankanBreakfast
Instagram,_wildcookbook_,14/07/2025,Quick tips for perfect rice every time ğŸšâœ¨,Video,4658,84,#RiceCooking #KitchenHacks
Instagram,_wildcookbook_,15/07/2025,Vegan-friendly curry recipe ğŸŒ±ğŸ›,Video,7575,86,#VeganFood #HealthyEating
Instagram,_wildcookbook_,16/07/2025,Sweet and tangy mango chutney recipe ğŸ¥­ğŸ¯,Video,4646,65,#Chutney #FruitSauce
Instagram,_wildcookbook_,17/07/2025,Cooking with fresh herbs from the garden ğŸŒ¿ğŸ½ï¸,Video,7685,78,#FreshHerbs #GardenCooking
Instagram,_wildcookbook_,18/07/2025,Street food style chicken skewers for your next BBQ ğŸ¢ğŸ”¥,Image,5564,57,#BBQ #ChickenSkewers
Instagram,_wildcookbook_,19/07/2025,Traditional fish ambul thiyal made easy ğŸŸğŸ›,Image,5755,100,#FishCurry #SriLankanCuisine
Instagram,_wildcookbook_,20/07/2025,Breakfast smoothie bowls to start your day right ğŸ“ğŸ¥£,Image,9464,294,#DevilledPrawns #SpicyFood
Instagram,_wildcookbook_,21/07/2025,Homemade spicy devilled prawns recipe ğŸ¦ğŸ”¥,Image,3537,555,#DevilledPrawns #SpicyFood
Instagram,_wildcookbook_,22/07/2025,Tips for perfect dosa every time ğŸ¥ğŸ½ï¸,Image,4454,575,#DosaRecipe #IndianFood
Instagram,_wildcookbook_,23/07/2025,Quick and easy salad dressings ğŸ¥—ğŸ¥„,Image,2523,55,#SaladDressings #HealthyEating
Instagram,_wildcookbook_,24/07/2025,Sunday roast dinner ideas ğŸ–ğŸ·,Image,3762,75,#SundayRoast #ComfortFood
Instagram,_wildcookbook_,25/07/2025,Sweet potato fries â€“ the perfect snack ğŸŸâœ¨,Video,4647,66,#SweetPotatoFries #SnackTime
Instagram,_wildcookbook_,26/07/2025,How to make crispy fried chicken at home ğŸ—ğŸ”¥,Video,4364,87,#FriedChicken #HomeCooking
Instagram,_wildcookbook_,27/07/2025,Refreshing lemon mint cooler for hot days ğŸ‹ğŸŒ¿,Video,3474,54,#LemonMint #RefreshingDrinks
Instagram,_wildcookbook_,28/07/2025,Chocolate lava cake recipe for dessert lovers ğŸ«ğŸ°,Video,4765,65,#ChocolateCake #DessertTime
Instagram,_wildcookbook_,29/07/2025,Grilled vegetable skewers with herb marinade ğŸ†ğŸ¢,Video,5756,87,#GrilledVeggies #HealthyEating
Instagram,_wildcookbook_,30/07/2025,Homemade bread baking tips for beginners ğŸğŸ¥–,Video,5757,65,#GrilledVeggies #HealthyEating
Instagram,yohanimusic,01/08/2025,New single out now! Check it out and share your thoughts ğŸ¶ğŸ¤,Image,7464,86,#NewMusic #SingleRelease #Yohani
Instagram,yohanimusic,02/08/2025,Live session from the studio ğŸ¸ğŸ§,Video,3437,97,#LiveMusic #StudioSession #Acoustic
Instagram,yohanimusic,03/08/2025,Feeling grateful for all your love and support â¤ï¸ğŸ™,Video,18000,43,#ThankYou #FansLove
Instagram,yohanimusic,04/08/2025,Behind the scenes of my latest music video ğŸ¬ğŸµ,Image,18383,456,#MusicVideo #BTS
Instagram,yohanimusic,05/08/2025,Singing my heart out during last nightâ€™s concert ğŸ¤ğŸ”¥,Video,4376,6767,#LiveConcert #MusicPassion
Instagram,yohanimusic,06/08/2025,Acoustic vibes to brighten your day ğŸ¸ğŸŒ,Video,34833,788,#Acoustic #GoodVibes
Instagram,yohanimusic,07/08/2025,Sharing a snippet from my upcoming track ğŸ§ğŸ¶,Video,3746,453,#UpcomingMusic #SneakPeek
Instagram,yohanimusic,08/08/2025,Throwback to my first ever performance ğŸ¤ğŸ¶,Video,37444,43,#Throwback #FirstPerformance
Instagram,yohanimusic,09/08/2025,Music is the language of the soul ğŸµâ¤ï¸	,Image,5476,53,#Throwback #FirstPerformance
Instagram,yohanimusic,10/08/2025,Music is the language of the soul ğŸµâ¤ï¸,Image,5455,466,#Songwriting #NewMelodies
Instagram,yohanimusic,11/08/2025,Late night studio vibes ğŸ§ğŸŒ™,Video,5457,565,#StudioLife #MusicCreation
Instagram,yohanimusic,12/08/2025,My favorite lyrics from the new song ğŸ“ğŸ¶,Image,4587,44,#Lyrics #Songwriting
Instagram,yohanimusic,13/08/2025,Collaborating with amazing artists this month ğŸ¤ğŸ¤,Image,4575,53,#Collaboration #MusicCommunity
Instagram,yohanimusic,14/08/2025,Grateful for all the concert memories ğŸ¶â¤ï¸,Video,75685,45,#ConcertMemories #Gratitude
Instagram,yohanimusic,15/08/2025,Music is my passion and my life ğŸµğŸ”¥,Video,45755,35,#Passion #MusicLife
Instagram,yohanimusic,16/08/2025,Covering a classic tune with my own style ğŸ¸ğŸ¤,Video,47555,35,#CoverSong #MusicStyle
Instagram,yohanimusic,17/08/2025,Sneak peek of the new album coming soon ğŸ§ğŸ¶,Video,5757,35,#NewAlbum #ComingSoon
Instagram,yohanimusic,18/08/2025,Practicing daily to improve my craft ğŸ¹ğŸ¼,Video,4554,345,"#Practice #MusicianLife
"
Instagram,yohanimusic,19/08/2025,Thank you for the endless love and support â¤ï¸ğŸ™,Video,45454,35,#FanLove #ThankYou
Instagram,yohanimusic,20/08/2025,Performing live is the best feeling ever ğŸ¤ğŸ”¥,Video,4545,6,#LivePerformance #MusicEnergy
Instagram,yohanimusic,21/08/2025,Throwback to the early days of my music journey ğŸ¶ğŸ¤,Video,4546,7,#Throwback #MusicJourney
Instagram,yohanimusic,22/08/2025,Writing lyrics under the stars ğŸŒŸğŸ“,Video,57465,7,#Songwriting #Inspiration
Instagram,yohanimusic,23/08/2025,Music heals the soul â¤ï¸ğŸµ,Video,45645,5,#MusicTherapy #SoulHealing
Instagram,yohanimusic,24/08/2025,Ready for the next big show! ğŸ¤ğŸ‰,Video,6454,5,#ConcertReady #Excited
Instagram,yohanimusic,25/08/2025,Celebrating milestones with my amazing fans ğŸ‰â¤ï¸,Video,342,555,#Milestones #FanLove
Instagram,yohanimusic,26/08/2025,New music inspirations coming your way soon ğŸ¶ğŸ”¥,Image,767867,55,#MusicInspo #ComingSoon
Instagram,yohanimusic,27/08/2025,Studio day! Loving the creative energy here ğŸ§ğŸ¼,Image,4534,46,#StudioLife #CreativeProcess
Instagram,yohanimusic,28/08/2025,Sharing some personal stories behind my songs ğŸ¤ğŸ“–,Video,67645,46,#Storytelling #BehindTheMusic
Instagram,yohanimusic,29/08/2025,Excited to release new tracks soon! Stay tuned ğŸ¶âœ¨,Image,4545,554,#NewReleases #StayTuned
Instagram,yohanimusic,30/08/2025,Thank you all for being part of this journey â¤ï¸ğŸ™,Video,34,54,#Grateful #MusicJourney
Instagram,umariaofficial,17/08/2025,Grateful for all your love â¤ï¸ Sharing my new album vibes!,Image,34545,55,#NewAlbum #Grateful
Instagram,umariaofficial,18/08/2025,Proud to be the face of @luxbeauty Sri Lanka! Loving their products!,Image,4564,546,#LuxBeauty #Ad #Sponsored
Instagram,umariaofficial,19/08/2025,Morning yoga routine keeps me energized ğŸ§˜â€â™€ï¸âœ¨,Image,45453,4534,#YogaLife #HealthyLiving
Instagram,umariaofficial,20/08/2025,Behind the scenes of my latest music video ğŸ¬ğŸ¶,Video,43456,56,#MusicVideo #BTS
Instagram,umariaofficial,21/08/2025,Celebrating success with @redbull SL! Boost your energy âš¡ï¸,Video,4567,4545,#RedBull #Ad #EnergyDrink
Instagram,umariaofficial,22/08/2025,Sharing some relaxing moments with my family â¤ï¸,Video,465675,53,#FamilyTime #Blessed
Instagram,umariaofficial,23/08/2025,Excited to partner with @sunsilk for amazing hair care!,Video,6556,534,#Sunsilk #HairCare #Sponsored
Instagram,umariaofficial,24/08/2025,"Late night studio vibes, working hard on new tracks ğŸ§ğŸµ",Video,3534,535,#StudioLife #MusicCreation
Instagram,umariaofficial,25/08/2025,Canâ€™t live without my morning coffee â˜•ï¸ Thanks @starbuckslk!,Video,66756,66,#Starbucks #Ad #MorningRoutine
Instagram,umariaofficial,26/08/2025,Feeling the love from my fans â¤ï¸ğŸ™,Video,564,645,#FanLove #ThankYou
Instagram,umariaofficial,27/08/2025,Throwback to my first concert ğŸ¤ğŸ¶,Video,456576,56,#Throwback #ConcertMemories
Instagram,umariaofficial,28/08/2025,Energize your day with @redbull SL! âš¡ï¸,Video,6567,454,#RedBull #Energy #Ad
Instagram,umariaofficial,29/08/2025,Sharing my skincare routine with @niveasl,Video,4564,46556,#Nivea #Skincare #Sponsored
Instagram,umariaofficial,30/08/2025,Family weekend getaway vibes â¤ï¸ğŸï¸,Video,553,565,#FamilyTime #Weekend
Instagram,umariaofficial,31/08/2025,New single release is out now! ğŸ¶,Video,4665,645,#NewSingle #Music
Instagram,umariaofficial,01/09/2025,"Proud ambassador of @luxbeauty, feel the glow!",Image,46464,464,#LuxBeauty #Sponsored
Instagram,umariaofficial,02/09/2025,Sharing my favorite healthy recipes ğŸ¥—,Image,4635,64,#HealthyEating #Lifestyle
Instagram,umariaofficial,03/09/2025,Collaboration day with amazing artists! ğŸ¤ğŸµ,Image,3565,46,#Collaboration #MusicCommunity
Instagram,umariaofficial,04/09/2025,Loving the energy boost from @redbull SL! âš¡ï¸,Image,6454,67,#RedBull #EnergyDrink #Ad
Instagram,umariaofficial,05/09/2025,Studio vibes with my band ğŸ§ğŸ¶,Image,4566,456,#StudioLife #Music
Instagram,umariaofficial,06/09/2025,Relaxing at home with my pets ğŸ¾â¤ï¸,Image,56,45646,#PetLove #HomeLife
Instagram,umariaofficial,07/09/2025,Excited to announce my partnership with @sunsilk!,Image,56757,46,#Sunsilk #HairCare #Sponsored
Instagram,umariaofficial,08/09/2025,Early morning meditation keeps me grounded ğŸ§˜â€â™€ï¸,Video,64,6,#Meditation #Mindfulness
Instagram,umariaofficial,09/09/2025,Throwback to my award-winning performance ğŸ¤ğŸ†,Video,6,456,#AwardWinning #Throwback
Instagram,umariaofficial,10/09/2025,Enjoying a cup of @starbuckslk coffee during rehearsal â˜•ï¸,Video,6464,6,#Starbucks #CoffeeLover
Instagram,umariaofficial,11/09/2025,Feeling inspired while writing new songs ğŸ¹ğŸ¼,Video,4645,546,#Songwriting #Inspiration
Instagram,umariaofficial,12/09/2025,Beauty and music go hand in hand with @niveasl,Video,6464,465,#Nivea #BeautyCare #Sponsored
Instagram,umariaofficial,13/09/2025,Family time means everything to me â¤ï¸,Video,64,465,#FamilyFirst #Love
Instagram,umariaofficial,14/09/2025,Sharing moments from last nightâ€™s concert ğŸ¤ğŸ¶,Video,46464,67,#LiveConcert #MusicLife
Instagram,umariaofficial,15/09/2025,Thank you for all the love and support! ğŸ™â¤ï¸,Video,4564,46,#Grateful #FansLove
Instagram,mashi_siriwardene,15/08/2025,Loving the freshness of @freshjuice.lk every morning! ğŸ¹,Image,5,67,#FreshJuice #HealthyLiving #Ad
Instagram,mashi_siriwardene,16/08/2025,New skincare routine powered by @glowbeautyofficial âœ¨,Image,45667,18,#GlowBeauty #SkinCare #Sponsored
Instagram,mashi_siriwardene,17/08/2025,Starting my day with a cup of @coffeelanka â˜•ï¸ Perfect energy boost!,Image,64645,95,#CoffeeLanka #Ad
Instagram,mashi_siriwardene,18/08/2025,Absolutely obsessed with my new outfit from @fashionhubsl! ğŸ‘—,Image,4545,24,#FashionHub #Style #Sponsored
Instagram,mashi_siriwardene,19/08/2025,Stay hydrated with @purewater.lk ğŸ’§ Essential for busy days!,Image,5656,186,#PureWater #Ad
Instagram,mashi_siriwardene,20/08/2025,Relaxing with my favorite @zenwellnessspa massage ğŸŒ¿,Image,67867,102,#ZenWellness #SelfCare #Sponsored
Instagram,mashi_siriwardene,21/08/2025,Breakfast made easy with @quickbites.lk ğŸ¥,Image,6756,176,#QuickBites #Foodie #Ad
Instagram,mashi_siriwardene,22/08/2025,Styling my hair with @silkyhairproducts ğŸ’â€â™€ï¸,Video,56,76,#SilkyHair #Sponsored
Instagram,mashi_siriwardene,23/08/2025,Fresh flowers brighten my day thanks to @blooms.lk ğŸŒ¸,Video,564546,57,#Blooms #Ad
Instagram,mashi_siriwardene,24/08/2025,Workout sessions powered by @fitgear.lk ğŸ‹ï¸â€â™€ï¸,Video,56756,60,#FitGear #Fitness #Sponsored
Instagram,mashi_siriwardene,25/08/2025,Discover the magic of @aromatherapy.lk oils ğŸŒº,Video,565,185,#Aromatherapy #Wellness
Instagram,mashi_siriwardene,26/08/2025,Loving the convenience of @expressdelivery.lk for my online orders! ğŸšš,Video,65,72,#ExpressDelivery #Ad
Instagram,mashi_siriwardene,27/08/2025,Treating myself with @sweettooth.lk desserts ğŸ°,Video,656,152,#SweetTooth #Sponsored
Instagram,mashi_siriwardene,28/08/2025,My go-to sunscreen is from @sunshield.lk â˜€ï¸,Video,5,88,#SunShield #Skincare #Ad
Instagram,mashi_siriwardene,29/08/2025,Celebrating special moments with @partydecor.lk ğŸ‰,Video,65,90,#PartyDecor #Ad
Instagram,mashi_siriwardene,30/08/2025,Healthy snacks from @nutrigrains.lk keep me energized! ğŸ¥œ,Video,65,184,#NutriGrains #Sponsored
Instagram,mashi_siriwardene,31/08/2025,My new favorite lipstick by @colorpop.lk ğŸ’„,Video,6,177,#ColorPop #Beauty #Ad
Instagram,mashi_siriwardene,01/09/2025,Relaxing evenings with @herbalteas.lk ğŸµ,Video,5,151,#HerbalTeas #Wellness
Instagram,mashi_siriwardene,02/09/2025,Fresh and stylish shoes from @footwear.lk ğŸ‘Ÿ,Video,65,166,#Footwear #Fashion #Sponsored
Instagram,mashi_siriwardene,03/09/2025,Keeping my home clean with @cleansolutions.lk ğŸ§¼,Video,6,138,#CleanSolutions #Ad
Instagram,mashi_siriwardene,04/09/2025,Fitness tracker by @techgear.lk keeps me motivated! âŒš,Video,7,80,#TechGear #Fitness #Sponsored
Instagram,mashi_siriwardene,05/09/2025,Loving the taste of @homemade.lk meals ğŸ²,Video,67,19,#Homemade #Foodie #Ad
Instagram,mashi_siriwardene,06/09/2025,Glam up with @glamourmakeup.lk for any occasion! ğŸ’„,Video,68,26,#GlamourMakeup #Sponsored
Instagram,mashi_siriwardene,07/09/2025,Essential vitamins from @healthplus.lk keep me healthy! ğŸ’Š,Video,6,58,#HealthPlus #Wellness #Ad
Instagram,mashi_siriwardene,08/09/2025,Perfect skin days with @dermacare.lk products ğŸŒŸ,Image,4,172,#DermaCare #Skincare #Sponsored
Instagram,mashi_siriwardene,09/09/2025,Freshly brewed coffee from @coffeehouse.lk â˜•ï¸,Image,64,114,#CoffeeHouse #Ad
Instagram,mashi_siriwardene,10/09/2025,Keeping my hair shiny with @hairgloss.lk ğŸ’‡â€â™€ï¸,Image,56,67,#HairGloss #Sponsored
Instagram,mashi_siriwardene,11/09/2025,Fashion accessories from @stylezone.lk complete my look! ğŸ’,Image,456,55,#StyleZone #Fashion
Instagram,mashi_siriwardene,12/09/2025,Evening walks powered by @comfortshoes.lk ğŸ‘Ÿ,Image,576,56,#ComfortShoes #Sponsored
Instagram,mashi_siriwardene,13/09/2025,Thank you all for the love and support! â¤ï¸,Image,64,138,#Grateful #FansLove
Instagram,vinu_speaks,15/09/2023,Loving the freshness of @freshjuice.lk every morning! ğŸ¹,Video,46,162,#FreshJuice #HealthyLiving #Ad
Instagram,vinu_speaks,26/09/2024,New skincare routine powered by @glowbeautyofficial âœ¨,Video,6,131,#GlowBeauty #SkinCare #Sponsored
Instagram,vinu_speaks,16/02/2024,Starting my day with a cup of @coffeelanka â˜•ï¸ Perfect energy boost!,Video,567,103,#CoffeeLanka #Ad
Instagram,vinu_speaks,14/02/2023,Absolutely obsessed with my new outfit from @fashionhubsl! ğŸ‘—,Video,57,161,#FashionHub #Style #Sponsored
Instagram,vinu_speaks,08/07/2023,Stay hydrated with @purewater.lk ğŸ’§ Essential for busy days!,Video,5,171,#PureWater #Ad
Instagram,vinu_speaks,02/07/2024,Relaxing with my favorite @zenwellnessspa massage ğŸŒ¿,Video,6,196,#ZenWellness #SelfCare #Sponsored
Instagram,vinu_speaks,08/12/2023,Breakfast made easy with @quickbites.lk ğŸ¥,Video,7,23,#QuickBites #Foodie #Ad
Instagram,vinu_speaks,09/03/2024,Styling my hair with @silkyhairproducts ğŸ’â€â™€ï¸,Video,6,133,#SilkyHair #Sponsored
Instagram,vinu_speaks,10/02/2024,Fresh flowers brighten my day thanks to @blooms.lk ğŸŒ¸,Video,5,29,#Blooms #Ad
Instagram,vinu_speaks,28/07/2023,Workout sessions powered by @fitgear.lk ğŸ‹ï¸â€â™€ï¸,Image,464,71,#FitGear #Fitness #Sponsored
Instagram,vinu_speaks,19/12/2024,Discover the magic of @aromatherapy.lk oils ğŸŒº,Image,46,109,#Aromatherapy #Wellness
Instagram,vinu_speaks,07/06/2024,Loving the convenience of @expressdelivery.lk for my online orders! ğŸšš,Image,4,65,#ExpressDelivery #Ad
Instagram,vinu_speaks,15/04/2023,Treating myself with @sweettooth.lk desserts ğŸ°,Image,4,90,#SweetTooth #Sponsored
Instagram,vinu_speaks,14/05/2024,My go-to sunscreen is from @sunshield.lk â˜€ï¸,Image,64,77,#SunShield #Skincare #Ad
Instagram,vinu_speaks,18/05/2024,Celebrating special moments with @partydecor.lk ğŸ‰,Image,54,153,#PartyDecor #Ad
Instagram,vinu_speaks,21/03/2024,Healthy snacks from @nutrigrains.lk keep me energized! ğŸ¥œ,Image,4,108,#NutriGrains #Sponsored
Instagram,vinu_speaks,03/03/2023,My new favorite lipstick by @colorpop.lk ğŸ’„,Image,4464,170,#ColorPop #Beauty #Ad
Instagram,vinu_speaks,25/07/2023,Relaxing evenings with @herbalteas.lk ğŸµ,Image,65,176,#HerbalTeas #Wellness
Instagram,vinu_speaks,14/08/2023,Fresh and stylish shoes from @footwear.lk ğŸ‘Ÿ,Image,56757,111,#Footwear #Fashion #Sponsored
Instagram,vinu_speaks,11/01/2024,Keeping my home clean with @cleansolutions.lk ğŸ§¼,Image,7,28,#CleanSolutions #Ad
Instagram,vinu_speaks,26/03/2024,Fitness tracker by @techgear.lk keeps me motivated! âŒš,Video,67,191,#TechGear #Fitness #Sponsored
Instagram,vinu_speaks,04/05/2024,Loving the taste of @homemade.lk meals ğŸ²,Video,67,186,#Homemade #Foodie #Ad
Instagram,vinu_speaks,18/02/2024,Glam up with @glamourmakeup.lk for any occasion! ğŸ’„,Video,67,33,#GlamourMakeup #Sponsored
Instagram,vinu_speaks,05/04/2024,Essential vitamins from @healthplus.lk keep me healthy! ğŸ’Š,Video,57565,190,#HealthPlus #Wellness #Ad
Instagram,vinu_speaks,11/07/2024,Perfect skin days with @dermacare.lk products ğŸŒŸ,Video,75,26,#DermaCare #Skincare #Sponsored
Instagram,vinu_speaks,02/05/2023,Freshly brewed coffee from @coffeehouse.lk â˜•ï¸,Video,566,56,#CoffeeHouse #Ad
Instagram,vinu_speaks,30/05/2024,Keeping my hair shiny with @hairgloss.lk ğŸ’‡â€â™€ï¸,Video,4,39,#HairGloss #Sponsored
Instagram,vinu_speaks,04/06/2024,Fashion accessories from @stylezone.lk complete my look! ğŸ’,Video,7,114,#StyleZone #Fashion
Instagram,vinu_speaks,18/11/2024,Evening walks powered by @comfortshoes.lk ğŸ‘Ÿ,Video,67676,171,#ComfortShoes #Sponsored
Instagram,vinu_speaks,23/10/2024,Thank you all for the love and support! â¤ï¸,Video,7767,131,#Grateful #FansLove
Instagram,sarangadisasekara,05/05/2023,Exploring new vibes with my latest single! ğŸ¶,Video,675,53,#NewMusic #Singer #MusicLife
Instagram,sarangadisasekara,19/03/2023,Morning coffee and music - perfect start â˜•ï¸ğŸµ,Video,756,72,#StudioSession #BehindTheScenes
Instagram,sarangadisasekara,11/07/2023,Thank you for all the love on my last release! â¤ï¸,Video,5,198,#Collaboration #MusicArtist
Instagram,sarangadisasekara,09/12/2024,Behind the scenes of my studio session ğŸ¤,Video,57567,64,#Inspiration #SunriseVibes
Instagram,sarangadisasekara,23/12/2023,Collaboration with amazing artists today! ğŸ™Œ,Video,5,165,#MusicRelease #StayTuned
Instagram,sarangadisasekara,24/09/2023,Feeling inspired by the beautiful sunrise ğŸŒ…,Image,675,100,#Jamming #GoodVibes
Instagram,sarangadisasekara,10/11/2023,"Releasing new music soon, stay tuned! ğŸ§",Image,7575,151,#Songwriting #CreativeProcess
Instagram,sarangadisasekara,14/02/2024,Jamming with friends and making memories ğŸ¸,Image,75,179,#LivePerformance #Acoustic
Instagram,sarangadisasekara,15/01/2024,Sharing my songwriting journey with you all âœï¸,Image,75,119,#MusicVideo #OnSet
Instagram,sarangadisasekara,11/03/2024,Live performance tonight - canâ€™t wait! ğŸ¤ğŸ”¥,Image,7577,196,#ThankYouFans #Support
Instagram,sarangadisasekara,08/01/2024,Chill vibes and acoustic sessions ğŸµğŸ¸,Image,7656,182,#MusicGenre #Passion
Instagram,sarangadisasekara,29/08/2024,New music video shooting in progress ğŸ¬,Image,5345,150,#ConcertMemories #Throwback
Instagram,sarangadisasekara,03/12/2024,Thank you fans for the endless support! ğŸ™,Image,35,49,#Recording #StudioLife
Instagram,sarangadisasekara,19/01/2024,Exploring new genres and sounds ğŸ¶,Image,35,153,#CreativeJourney #MusicCommunity
Instagram,sarangadisasekara,23/10/2024,Music is my passion and my life â¤ï¸,Image,576,186,#IndieArtist #MusicLovers
Instagram,sarangadisasekara,13/02/2023,Throwback to my first concert experience ğŸ¤,Image,889,27,#Lyrics #Performance
Instagram,sarangadisasekara,14/07/2024,Recording new tracks in the studio ğŸ§,Image,90088,172,#MusicIsLife #ArtistLife
Instagram,sarangadisasekara,29/07/2023,Enjoying the creative process every day âœ¨,Image,674,83,#MusicVibes #MusicTherapy
Instagram,sarangadisasekara,08/06/2024,Music brings us all together ğŸ¶ğŸ¤,Video,5,19,#UpcomingShow #Grateful
Instagram,sarangadisasekara,02/01/2023,Sharing some favorite lyrics with you all ğŸ“œ,Video,45343,74,#GoodVibesOnly #MusicFlow
Instagram,sarangadisasekara,21/09/2024,Rehearsals in full swing for upcoming show ğŸ¼,Video,5,26,#IndependentArtist #SupportMusic
Instagram,sarangadisasekara,09/03/2023,Feeling grateful for this amazing journey ğŸ™,Video,4545,38,#LiveMusic #NewRelease
Instagram,sarangadisasekara,26/11/2023,New collaborations coming soon! ğŸµâœ¨,Video,6565675,132,#Creativity #Inspiration #Growth
Instagram,sarangadisasekara,25/03/2024,Loving the vibe at todayâ€™s gig ğŸ¤,Video,65,150,#Collaboration #Learning #Motivation
Instagram,sarangadisasekara,22/10/2023,Music keeps me going through everything ğŸ¶,Video,5,73,#NatureInspires #ProjectLife
Instagram,sarangadisasekara,18/02/2023,Thanks for the love and good vibes â¤ï¸,Video,5,113,#BehindTheScenes #Teamwork
Instagram,sarangadisasekara,13/03/2023,Feeling the rhythm and flow ğŸ§,Video,56,114,#Passion #Journey #Success
Instagram,sarangadisasekara,02/01/2024,Songwriting is therapy for the soul âœï¸,Video,56454,148,#Gratitude #Focus #Adventure
Instagram,sarangadisasekara,01/05/2023,Canâ€™t wait to share new music with you! ğŸµ,Video,55656,184,#CreativityFlow #LifeMoments
Instagram,sarangadisasekara,13/11/2023,Keep supporting independent artists! ğŸ™Œ,Video,6656,138,#NewIdeas #Challenges #Purpose
Instagram,madhavawijesinghe,14/10/2023,Exploring new ideas and creativity every day! ğŸ¨,Video,57776,146,#Milestones #Dedication #Community
Instagram,madhavawijesinghe,07/10/2023,Grateful for the support from my amazing followers! ğŸ™,Video,75,119,#Excellence #MotivationDaily
Instagram,madhavawijesinghe,01/03/2023,Sharing moments from my latest project ğŸŒŸ,Video,64,36,#KnowledgeSharing #Innovation
Instagram,madhavawijesinghe,21/05/2023,Feeling inspired by natureâ€™s beauty ğŸƒ,Video,4554,41,#GlobalConnections #SelfImprovement
Instagram,madhavawijesinghe,13/10/2024,Behind the scenes of my work process ğŸ¥,Video,5,190,#PositiveVibes #LifeGoals
Instagram,madhavawijesinghe,24/07/2024,Collaborating with talented people ğŸ™Œ,Video,45,195,#Creatives #InspireDaily #DreamBig
Instagram,madhavawijesinghe,13/11/2023,Learning and growing every step of the way ğŸ“š,Video,455,111,#Creativity #Inspiration #Growth
Instagram,madhavawijesinghe,13/06/2023,Excited to share whatâ€™s coming next! ğŸš€,Video,65656,34,#Collaboration #Learning #Motivation
Instagram,madhavawijesinghe,07/03/2024,Taking time to relax and recharge ğŸŒ…,Video,56,78,#NatureInspires #ProjectLife #BehindTheScenes
Instagram,madhavawijesinghe,17/10/2024,Throwback to one of my favorite memories ğŸ“¸,Video,5,76,#Teamwork #Passion #Journey
Instagram,madhavawijesinghe,05/11/2024,Passionate about what I do and love every moment â¤ï¸,Video,6,37,#Success #Gratitude #Focus
Instagram,madhavawijesinghe,21/12/2024,Making every day count with new challenges ğŸ’ª,Video,56565,145,#Adventure #CreativityFlow #LifeMoments
Instagram,madhavawijesinghe,30/11/2023,Sharing my journey with all of you! ğŸŒŸ,Video,65,117,#NewIdeas #Challenges #Purpose
Instagram,madhavawijesinghe,20/05/2023,Creativity flows through every project ğŸ¨,Video,65,161,#Milestones #Dedication #Community
Instagram,madhavawijesinghe,13/05/2023,Appreciating the little things in life ğŸŒ¸,Video,6,80,#Excellence #MotivationDaily #KnowledgeSharing
Instagram,madhavawijesinghe,29/10/2023,Focused on growth and new opportunities ğŸ“ˆ,Video,565,99,#Innovation #GlobalConnections #SelfImprovement
Instagram,madhavawijesinghe,10/01/2023,Embracing change and new adventures ğŸŒ,Video,65,193,#PositiveVibes #LifeGoals #Creatives
Instagram,madhavawijesinghe,24/07/2024,Inspired by the power of teamwork ğŸ¤,Video,6565,199,#InspireDaily #DreamBig #Leadership
Instagram,madhavawijesinghe,28/02/2024,Sharing success and lessons learned ğŸ†,Video,6,12,#MusicLife #Artist #Performance
Instagram,madhavawijesinghe,25/08/2023,Dedicated to my craft and community ğŸ¤²,Video,56768,63,#HealthyLiving #Wellness #Fitness
Instagram,madhavawijesinghe,10/02/2024,Celebrating milestones with gratitude ğŸ‰,Video,898797,140,#TravelGoals #AdventureTime #Wanderlust
Instagram,madhavawijesinghe,28/10/2023,Always pushing limits and breaking barriers ğŸš§,Video,7,100,#Foodie #Delicious #Yummy
Instagram,madhavawijesinghe,29/11/2024,Finding joy in the process of creation ğŸ˜Š,Video,78978,84,#Style #Fashion #OOTD
Instagram,madhavawijesinghe,11/06/2024,Thank you for being part of this journey! â¤ï¸,Video,787,59,#Photography #PhotoOfTheDay #Capture
Instagram,madhavawijesinghe,08/01/2023,Sharing knowledge and experience every day ğŸ“–,Video,7675,150,#Love #Happiness #Smile
Instagram,madhavawijesinghe,25/01/2023,New ideas brewing for exciting projects! ğŸ’¡,Video,654,32,#MotivationMonday #Inspire #SuccessMindset
Instagram,madhavawijesinghe,22/06/2023,Living life with passion and purpose ğŸ”¥,Video,53,166,#Tech #Innovation #Future
Instagram,madhavawijesinghe,30/05/2023,Motivated to keep improving every day! ğŸŒŸ,Video,45,89,#Education #Learning #Knowledge
Instagram,madhavawijesinghe,21/01/2024,Connecting with amazing people worldwide ğŸŒ,Video,35,121,#Mindfulness #Peace #Calm
Instagram,madhavawijesinghe,27/01/2023,Striving for excellence in all I do! ğŸ…,Video,4,198,#Entrepreneur #Startup #Business
Instagram,rithuakarsha,20/09/2023,Celebrating every moment with love and laughter!,Video,5,89,#Love #Laughter #Joy
Instagram,rithuakarsha,16/03/2024,Nature always inspires my creative spirit ğŸŒ¿,Video,4,164,#NatureInspires #CreativeSpirit #Growth
Instagram,rithuakarsha,18/03/2024,Sharing my journey of growth and discovery,Video,654,29,#Gratitude #Support #Followers
Instagram,rithuakarsha,27/02/2024,Grateful for the support from my amazing followers! ğŸ™,Video,6,151,#Memories #Photography #Capture
Instagram,rithuakarsha,14/11/2023,Capturing memories one frame at a time ğŸ“¸,Video,67,62,#Blessed #Passion #Motivation
Instagram,rithuakarsha,26/01/2024,Feeling blessed to do what I love every day,Video,6767,148,#Ideas #Perspective #Learning
Instagram,rithuakarsha,28/06/2024,Exploring new ideas and perspectives every week,Video,7,25,#BehindTheScenes #CreativeProcess #Art
Instagram,rithuakarsha,19/10/2024,Passion fuels my work and life every moment,Video,878,59,#Dreams #Goals #Reality
Instagram,rithuakarsha,29/08/2024,Learning new skills keeps me motivated,Video,78,185,#ThankYou #Journey #Content
Instagram,rithuakarsha,08/07/2024,Sharing behind the scenes of my creative process,Video,798,145,#Opportunity #Shine #Inspiration
Instagram,rithuakarsha,12/02/2024,Finding joy in simple moments and big dreams,Video,7,152,#Connection #Positivity #Purpose
Instagram,rithuakarsha,26/08/2023,Expressing myself through art and words,Video,87978,87,#Tips #Growth #Improvement
Instagram,rithuakarsha,09/03/2023,Chasing goals and turning them into reality,Video,7,70,#Music #Art #Life
Instagram,rithuakarsha,25/04/2023,Thank you for being part of my journey!,Video,86,99,#Impact #Challenge #Lesson
Instagram,rithuakarsha,06/11/2023,Creating content that speaks from the heart,Video,757,126,#Curiosity #Exploration #Dreams
Instagram,rithuakarsha,01/12/2024,Every day is a new opportunity to shine,Video,5645,92,#Balance #Happiness #Beauty
Instagram,rithuakarsha,08/12/2023,Inspired by the beauty in everyday life,Video,4,117,#Perseverance #Success #Passion
Instagram,rithuakarsha,19/06/2023,Connecting with wonderful people worldwide,Video,4565,125,#Perseverance #Success #Passion
Instagram,rithuakarsha,06/11/2023,Living life with purpose and positivity,Video,667,127,#Perseverance #Success #Passion
Instagram,rithuakarsha,18/02/2024,Sharing tips and tricks to grow and improve,Video,766778,177,#Perseverance #Success #Passion
Instagram,rithuakarsha,17/06/2023,"Music, art, and life all intertwined",Video,7,125,#Perseverance #Success #Passion
Instagram,rithuakarsha,03/04/2024,Focused on making a positive impact,Video,78,151,#Perseverance #Success #Passion
Instagram,rithuakarsha,01/11/2024,Grateful for every challenge and lesson,Video,878,184,#Perseverance #Success #Passion
Instagram,rithuakarsha,18/09/2023,Stay curious and keep exploring,Video,78,139,#Perseverance #Success #Passion
Instagram,rithuakarsha,19/04/2023,Building dreams one step at a time,Video,8,24,#Perseverance #Success #Passion
Instagram,rithuakarsha,12/01/2024,"Balancing work, life, and happiness",Video,7786,11,#Perseverance #Success #Passion
Instagram,rithuakarsha,29/11/2024,Finding beauty in the little things,Video,565,37,#Perseverance #Success #Passion
Instagram,rithuakarsha,22/11/2024,"Keep pushing forward, no matter what",Video,656,183,#Perseverance #Success #Passion
Instagram,rithuakarsha,06/07/2024,Celebrating success with humility,Video,767,29,#Perseverance #Success #Passion
Instagram,rithuakarsha,29/04/2023,Making every moment count with passion,Video,8990,72,#Perseverance #Success #Passion
Instagram,roshelrogers,16/11/2023,Sharing moments of joy and inspiration every day,Video,907675,67,#Joy #Inspiration #Passion
Instagram,roshelrogers,12/03/2023,Living life with passion and purpose,Video,64,64,#Growth #Thankful #Support
Instagram,roshelrogers,16/07/2024,Embracing new challenges and growth,Video,54,25,#Beauty #Nature #ContentCreation
Instagram,roshelrogers,07/11/2024,Thankful for the love and support of my followers,Video,34,106,#Positivity #GoodVibes #Ideas
Instagram,roshelrogers,24/08/2023,Capturing beauty in everyday life,Video,3234545,88,#Motivation #Goals #Journey
Instagram,roshelrogers,30/03/2023,Finding peace in natureâ€™s embrace,Video,453,150,#Authenticity #Connection #Learning
Instagram,roshelrogers,29/03/2023,Creating content that speaks to the heart,Video,355,118,#Memories #Art #Music
Instagram,roshelrogers,16/09/2023,Celebrating small victories and big dreams,Video,565,87,#Dreams #BreakBarriers #Presence
Instagram,roshelrogers,03/06/2023,Spreading positivity and good vibes,Video,555,111,#Gratitude #Kindness #Creativity
Instagram,roshelrogers,03/04/2024,Exploring new ideas and perspectives,Video,6,194,#Growth #SelfImprovement #Balance
Instagram,roshelrogers,18/04/2023,Staying motivated and focused on goals,Video,6666,148,#Confidence #Community #SelfCare
Instagram,roshelrogers,10/11/2023,Grateful for every step of the journey,Video,66,182,#Reflection #Strength #Together
Instagram,roshelrogers,27/12/2023,Sharing my story with authenticity,Video,6,135,#Hope #Believe #Achieve
Instagram,roshelrogers,08/07/2023,Connecting with amazing people worldwide,Image,66,78,#Smile #Happiness #Peace
Instagram,roshelrogers,15/10/2024,Always learning and evolving,Image,6,30,#Leadership #Success #Vision
Instagram,roshelrogers,07/02/2024,Making memories that last a lifetime,Image,6,195,#Creativity #Innovation #Inspire
Instagram,roshelrogers,12/06/2024,"Inspired by art, music, and culture",Image,6,67,#Determination #Focus #Discipline
Instagram,roshelrogers,28/06/2024,Chasing dreams and breaking barriers,Image,6,169,#Empowerment #Courage #Strength
Instagram,roshelrogers,19/11/2024,Being present in every moment,Image,6,111,#Faith #Trust #Patience
Instagram,roshelrogers,01/11/2024,Living with gratitude and kindness,Image,6788,84,#Adventure #Explore #Discover
Instagram,roshelrogers,22/04/2023,Sharing creativity through every post,Video,7,49,#Mindfulness #Calm #Relax
Instagram,roshelrogers,07/01/2023,Dedicated to growth and self-improvement,Video,8675,73,#Learning #Education #Knowledge
Instagram,roshelrogers,17/12/2024,"Balancing work, life, and happiness",Video,6454,65,#Teamwork #Collaboration #Support
Instagram,roshelrogers,09/12/2024,Expressing myself with confidence,Video,5,159,#DreamBig #NeverGiveUp #KeepGoing
Instagram,roshelrogers,22/08/2023,Building a community of love and support,Image,46,148,#LifeGoals #PositiveMindset #SelfLove
Instagram,roshelrogers,06/02/2024,Finding joy in simple pleasures,Image,756,97,#Balance #Wellness #HealthyLiving
Instagram,roshelrogers,21/04/2023,Taking time for self-care and reflection,Image,767,30,#Grateful #Blessed #Thankful
Instagram,roshelrogers,30/06/2023,Pushing limits and staying strong,Image,7,136,#Joyful #Peaceful #Content
Instagram,roshelrogers,13/09/2023,Thank you for being part of my journey,Image,7,13,#Change #Growth #Transformation
Instagram,roshelrogers,17/01/2024,Together we grow and thrive,Video,7,76,#Ambition #Drive #Motivation
Instagram,gayathri_dias,01/02/2024,Sharing love and light every day,Video,8870,173,#Love #Light #Positivity
Instagram,gayathri_dias,25/06/2024,Embracing the beauty of lifeâ€™s journey,Video,5224,115,#LifeJourney #Gratitude #Smiles
Instagram,gayathri_dias,18/07/2023,Grateful for the moments that matter,Video,2512,190,#Passion #Purpose #Creativity
Instagram,gayathri_dias,19/10/2024,Capturing smiles and happy vibes,Video,2869,107,#Milestones #Dreams #Kindness
Instagram,gayathri_dias,23/01/2023,Living with passion and purpose,Video,7548,77,#Art #Growth #SelfLove
Instagram,gayathri_dias,16/09/2023,Inspired by nature and creativity,Video,1450,87,#Horizons #Balance #Happiness
Instagram,gayathri_dias,26/12/2024,Celebrating milestones and memories,Video,2635,164,#DailyLife #Followers #Heart
Instagram,gayathri_dias,17/10/2024,Chasing dreams with determination,Image,6425,80,#Culture #Tradition #Wellness
Instagram,gayathri_dias,23/02/2024,Spreading positivity and kindness,Image,2284,106,#Mindfulness #Community #Strength
Instagram,gayathri_dias,08/05/2023,Expressing myself through art and words,Image,3469,182,#Improvement #Inspiration #Authentic
Instagram,gayathri_dias,17/07/2023,Learning and growing every day,Image,3714,97,#LoveAndFriendship #Courage #Evolution
Instagram,gayathri_dias,17/10/2023,Thank you for being part of my story,Image,5263,166,#Joy #Peace #Harmony
Instagram,gayathri_dias,12/03/2023,Finding joy in simple pleasures,Image,5180,139,#Confidence #Freedom #Respect
Instagram,gayathri_dias,18/02/2024,Dedicated to growth and self-love,Image,7231,182,#Hope #Believe #Achieve
Instagram,gayathri_dias,17/09/2024,Exploring new horizons and ideas,Image,3407,24,#Smile #Happiness #Peace
Instagram,gayathri_dias,15/01/2024,"Balancing work, life, and happiness",Video,5490,152,#Leadership #Success #Vision
Instagram,gayathri_dias,10/06/2024,Sharing moments from my daily life,Video,1052,86,#Creativity #Innovation #Inspire
Instagram,gayathri_dias,22/09/2023,Grateful for my amazing followers,Video,7959,145,#Determination #Focus #Discipline
Instagram,gayathri_dias,22/04/2023,Creating content with heart and soul,Video,8634,53,#Empowerment #Courage #Strength
Instagram,gayathri_dias,31/07/2024,Inspired by culture and tradition,Video,7346,36,#Faith #Trust #Patience
Instagram,gayathri_dias,23/05/2024,Making every moment count,Video,9400,42,#Adventure #Explore #Discover
Instagram,gayathri_dias,15/10/2023,Focused on wellness and mindfulness,Video,1290,67,#Mindfulness #Calm #Relax
Instagram,gayathri_dias,04/01/2024,Building connections and community,Video,1859,59,#Learning #Education #Knowledge
Instagram,gayathri_dias,28/04/2023,Finding strength in challenges,Image,1901,126,#Teamwork #Collaboration #Support
Instagram,gayathri_dias,22/05/2023,Passionate about self-improvement,Image,3446,37,#DreamBig #NeverGiveUp #KeepGoing
Instagram,gayathri_dias,29/06/2023,Sharing tips and inspiration,Image,8152,118,#LifeGoals #PositiveMindset #SelfLove
Instagram,gayathri_dias,11/10/2023,Living authentically and boldly,Image,5415,143,#Balance #Wellness #HealthyLiving
Instagram,gayathri_dias,17/05/2023,Celebrating love and friendship,Image,4126,92,#Grateful #Blessed #Thankful
Instagram,gayathri_dias,23/08/2023,Chasing goals with courage,Image,4500,113,#Joyful #Peaceful #Content
Instagram,gayathri_dias,15/01/2024,Always evolving and adapting,Image,8260,149,#Change #Growth #Transformation
Instagram,lochana_jaya,15/05/2023,Celebrating every small victory,Image,2758,106,#Creativity #Passion #Growth
Instagram,lochana_jaya,26/11/2024,Passion drives my creativity,Image,7027,162,#Inspiration #Challenge #Journey
Instagram,lochana_jaya,05/06/2023,Embracing new challenges daily,Image,5529,150,#Purpose #Positivity #Learning
Instagram,lochana_jaya,27/12/2023,Grateful for the journey so far,Image,5555,200,#Simplicity #Improvement #Focus
Instagram,lochana_jaya,01/11/2024,Finding inspiration everywhere,Image,6449,105,#Kindness #Joy #Connections
Instagram,lochana_jaya,02/03/2024,Sharing moments that matter,Image,2811,168,#Dreams #Expression #Nature
Instagram,lochana_jaya,01/12/2024,Living life with purpose,Video,7266,48,#HardWork #Culture #Balance
Instagram,lochana_jaya,19/01/2024,Spreading positive vibes,Video,8451,151,#Art #Authenticity #Empowerment
Instagram,lochana_jaya,21/08/2024,Growing and learning constantly,Video,4310,37,#Courage #Supporters #Memories
Instagram,lochana_jaya,27/12/2023,Capturing beauty in simplicity,Video,2402,163,#Wellness #Mindfulness #Evolution
Instagram,lochana_jaya,25/07/2024,Dedicated to self-improvement,Video,5076,11,#Adaptation #Focus #Motivation
Instagram,lochana_jaya,21/12/2024,Staying focused on my goals,Video,9862,36,#Success #Dedication #Confidence
Instagram,lochana_jaya,01/04/2024,Sharing love and kindness,Video,9209,68,#Community #Gratitude #Leadership
Instagram,lochana_jaya,12/09/2024,Finding joy in every day,Video,7920,92,#Innovation #Happiness #DreamBig
Instagram,lochana_jaya,25/02/2023,Building meaningful connections,Image,3186,35,#Determination #Focus #Peace
Instagram,lochana_jaya,18/02/2023,Exploring new ideas and dreams,Image,6656,58,#SelfLove #Balance #HealthyLiving
Instagram,lochana_jaya,18/02/2023,Expressing myself freely,Image,3945,166,#Thankful #PositiveVibes #Smile
Instagram,lochana_jaya,17/01/2023,Inspired by natureâ€™s wonders,Image,9427,66,#LifeGoals #InspireDaily #CreativeLife
Instagram,lochana_jaya,25/04/2023,"Working hard, dreaming big",Image,1821,130,#Teamwork #Collaboration #Strength
Instagram,lochana_jaya,05/03/2023,Celebrating culture and heritage,Image,5447,112,#PassionProject #Ambition #Vision
Instagram,lochana_jaya,19/05/2023,Finding balance in life,Image,2631,113,#Harmony #Love #Faith
Instagram,lochana_jaya,26/03/2024,Sharing my creative journey,Image,2497,193,#Peace #Joyful #Grateful
Instagram,lochana_jaya,12/01/2023,Passionate about growth,Image,5377,142,#DreamChaser #GoalGetter #SelfCare
Instagram,lochana_jaya,28/02/2024,Living authentically every day,Image,3256,15,#Mindset #Focus #Discipline
Instagram,lochana_jaya,05/09/2023,Empowering others through art,Image,8045,117,#Mindset #Focus #Discipline
Instagram,lochana_jaya,18/04/2024,Chasing dreams with courage,Image,7602,34,#Mindset #Focus #Discipline
Instagram,lochana_jaya,17/04/2024,Grateful for my supporters,Image,6104,57,#Mindset #Focus #Discipline
Instagram,lochana_jaya,01/10/2024,Creating moments worth remembering,Video,6983,187,#Mindset #Focus #Discipline
Instagram,lochana_jaya,24/09/2024,Focused on wellness and mindfulness,Video,4840,20,#Mindset #Focus #Discipline
Instagram,lochana_jaya,04/11/2023,Always evolving and adapting,Video,2957,38,#Mindset #Focus #Discipline
Instagram,sachn.thilakarathna,24/08/2024,Sharing moments filled with joy,Video,1142,32,#Joy #Passion #Grace
Instagram,sachn.thilakarathna,04/02/2023,Living life with passion and grace,Video,9028,109,#Beauty #Growth #Challenges
Instagram,sachn.thilakarathna,09/10/2024,Inspired by the beauty around me,Video,8421,73,#Grateful #Creativity #Dreams
Instagram,sachn.thilakarathna,08/01/2023,Embracing growth and new challenges,Video,9819,71,#Positivity #Light #Memories
Instagram,sachn.thilakarathna,10/12/2024,Grateful for every opportunity,Video,9888,66,#PersonalGrowth #Connections #Happiness
Instagram,sachn.thilakarathna,22/02/2023,Expressing creativity daily,Video,3763,108,#Stories #SelfImprovement #Balance
Instagram,sachn.thilakarathna,04/10/2023,Chasing dreams with determination,Video,2265,20,#Strength #Success #Milestones
Instagram,sachn.thilakarathna,11/04/2023,Spreading positivity and light,Video,4048,121,#Ideas #Authenticity #Boldness
Instagram,sachn.thilakarathna,09/12/2023,Capturing memories to cherish,Video,5334,38,#Inspiration #Moments #Heart
Instagram,sachn.thilakarathna,14/12/2024,Focused on personal growth,Video,6516,163,#Wellness #Health #Curiosity
Instagram,sachn.thilakarathna,18/10/2023,Building meaningful connections,Video,9215,196,#Community #Excellence #Change
Instagram,sachn.thilakarathna,30/04/2024,Finding happiness in small things,Video,5052,24,#Mindfulness #Peace #Love
Instagram,sachn.thilakarathna,15/08/2023,Sharing stories from my journey,Image,7958,61,#Kindness #Learning #Growth
Instagram,sachn.thilakarathna,27/09/2024,Dedicated to self-improvement,Image,1348,86,#Focus #Motivation #DreamBig
Instagram,sachn.thilakarathna,16/03/2024,Balancing work and life gracefully,Image,9443,28,#Determination #Confidence #Support
Instagram,sachn.thilakarathna,03/05/2023,Finding strength in challenges,Image,9459,78,#Creativity #Balance #SelfCare
Instagram,sachn.thilakarathna,23/01/2023,Celebrating success and milestones,Image,1027,75,#PassionProject #Empowerment #Vision
Instagram,sachn.thilakarathna,26/12/2024,Exploring new ideas fearlessly,Image,6684,70,#Harmony #Joyful #Grateful
Instagram,sachn.thilakarathna,28/03/2023,Living authentically and boldly,Image,3972,113,#DreamChaser #GoalGetter #SelfLove
Instagram,sachn.thilakarathna,19/01/2023,Motivated to inspire others,Image,2684,87,#Mindset #Focus #Discipline
Instagram,sachn.thilakarathna,27/04/2023,Appreciating the little moments,Image,4557,83,#Mindset #Focus #Discipline
Instagram,sachn.thilakarathna,02/03/2024,Creating content with heart,Image,3515,138,#Mindset #Focus #Discipline
Instagram,sachn.thilakarathna,17/01/2023,Passionate about wellness and health,Image,9491,125,#Mindset #Focus #Discipline
Instagram,sachn.thilakarathna,21/11/2023,Staying curious and open-minded,Image,7609,33,#Mindset #Focus #Discipline
Instagram,sachn.thilakarathna,09/06/2023,Supporting my community,Image,3442,92,#Mindset #Focus #Discipline
Instagram,sachn.thilakarathna,08/03/2024,Striving for excellence daily,Image,6138,22,#Mindset #Focus #Discipline
Instagram,sachn.thilakarathna,03/05/2024,Embracing change and evolution,Image,6055,149,#Mindset #Focus #Discipline
Instagram,sachn.thilakarathna,06/11/2023,Focused on mindfulness and peace,Image,3420,181,#Mindset #Focus #Discipline
Instagram,sachn.thilakarathna,19/05/2024,Spreading love and kindness,Video,7849,43,#Mindset #Focus #Discipline
Instagram,dasun_shanaka1,22/09/2023,Always learning and growing,Video,8209,143,#Mindset #Focus #Discipline
Instagram,dasun_shanaka1,07/10/2024,"Playing hard, dreaming big",Video,7193,49,#Cricket #Passion #Game
Instagram,dasun_shanaka1,01/11/2024,Focused on the game,Video,2159,176,#Teamwork #Practice #Win
Instagram,dasun_shanaka1,12/09/2024,Chasing wickets and runs,Video,5659,66,#Wickets #Runs #Boundary
Instagram,dasun_shanaka1,01/12/2024,Teamwork makes the dream work,Video,2970,117,#Focus #Strength #Skill
Instagram,dasun_shanaka1,30/10/2024,Practicing for the win,Video,1698,10,#Leadership #Sportsmanship #Dedication
Instagram,dasun_shanaka1,03/02/2023,Every match is a new challenge,Video,8504,86,#Challenge #Motivation #Training
Instagram,dasun_shanaka1,26/06/2023,Passion for cricket never fades,Video,5792,96,#Victory #Unity #Spirit
Instagram,dasun_shanaka1,30/01/2023,Celebrating every boundary,Video,7239,53,#Players #MatchDay #Dream
Instagram,dasun_shanaka1,13/10/2023,Learning from every ball,Video,4528,179,#Improvement #Goals #Fans
Instagram,dasun_shanaka1,08/03/2023,Staying strong under pressure,Video,4242,58,#CricketLife #HardWork #Determination
Instagram,dasun_shanaka1,12/06/2023,Pushing limits on the field,Video,3930,61,#TeamSpirit #Gratitude #Growth
Instagram,dasun_shanaka1,09/01/2024,Leading with heart and skill,Video,6030,42,#Fitness #Athlete #Competitive
Instagram,dasun_shanaka1,14/05/2023,Cricket is life,Video,7575,23,#Courage #Discipline #Focus
Instagram,dasun_shanaka1,13/05/2024,Focused on the next delivery,Image,1771,174,#Fielding #Batting #Bowling
Instagram,dasun_shanaka1,30/06/2023,Respecting the sport and fans,Image,3052,57,#Champion #Sports #Energy
Instagram,dasun_shanaka1,24/10/2024,Giving my best every day,Image,9025,138,#Stamina #Agility #Speed
Instagram,dasun_shanaka1,17/08/2023,Determined to improve,Image,7165,99,#Power #Accuracy #Strategy
Instagram,dasun_shanaka1,31/07/2023,Inspired by great players,Image,1068,86,#Commitment #Respect #Team
Instagram,dasun_shanaka1,08/01/2024,Balancing training and rest,Image,2872,162,#GoalGetter #MentalStrength #GameDay
Instagram,dasun_shanaka1,19/04/2023,Ready for every match day,Image,4923,168,#CricketLover #AthleteLife #Sweat
Instagram,dasun_shanaka1,06/01/2024,Sharing moments on and off the field,Image,3632,142,#PracticeMakesPerfect #WinningMindset #PlayHard
Instagram,dasun_shanaka1,22/08/2023,Growing with every game,Image,7901,161,#SportsLife #Competition #PassionForGame
Instagram,dasun_shanaka1,06/12/2023,Strength in unity,Image,3609,134,#OnField #VictoryDance #Supporters
Instagram,dasun_shanaka1,11/03/2024,Chasing victory together,Image,8122,72,#HardWorkPaysOff #GameOn #TeamGoals
Instagram,dasun_shanaka1,02/11/2023,Embracing the spirit of cricket,Image,5190,195,#Skillful #FanLove #Sportsmanship
Instagram,dasun_shanaka1,19/08/2024,Celebrating teamwork and dedication,Image,6587,176,#BallByBall #Innings #CricketFever
Instagram,dasun_shanaka1,22/03/2024,Building skills every session,Image,8956,46,#CricketTraining #FieldMaster #CricketDreams
Instagram,dasun_shanaka1,05/06/2024,Grateful for the support,Image,6230,23,#WinningTeam #Trophy #SportsGoal
Instagram,dasun_shanaka1,25/07/2023,Living the cricket dream,Image,7209,99,#Cricket #Passion #Game
Instagram,dasun_shanaka1,28/10/2023,Always aiming higher,Image,1142,78,#Teamwork #Practice #Win
Instagram,chanuxbro,22/03/2023,Building the future with code,Image,1577,47,#Tech #Coding #Programming
Instagram,chanuxbro,22/09/2024,Exploring new technologies daily,Image,1259,51,#Innovation #Developer #Software
Instagram,chanuxbro,23/11/2024,Debugging like a pro,Image,3313,134,#AI #MachineLearning #DataScience
Instagram,chanuxbro,11/08/2023,Sharing tips and tricks,Image,1818,153,#TechTips #Debugging #CodeLife
Instagram,chanuxbro,29/03/2023,Innovating one project at a time,Image,2700,123,#TechCommunity #OpenSource #JavaScript
Instagram,chanuxbro,02/02/2024,Learning and growing with tech,Image,1815,95,#Python #WebDevelopment #AppDevelopment
Instagram,chanuxbro,14/01/2023,Tech is my passion,Image,6512,140,#TechNews #Technology #FutureTech
Instagram,chanuxbro,08/06/2023,Solving problems creatively,Image,3377,161,#DigitalTransformation #TechTrends #Startups
Instagram,chanuxbro,30/05/2024,Coding my way forward,Image,4771,155,#AIRevolution #CloudComputing #BigData
Instagram,chanuxbro,27/10/2023,Breaking down complex concepts,Image,2927,199,#TechEducation #CodingLife #ProgrammingLife
Instagram,chanuxbro,26/01/2024,Tech updates you need to know,Image,6739,123,#SoftwareEngineering #TechSkills #TechTalk
Instagram,chanuxbro,22/03/2024,Mastering the art of programming,Image,5602,167,#TechInnovation #ITCommunity #LearnToCode
Instagram,chanuxbro,02/06/2023,Connecting ideas through technology,Image,8327,40,#TechLife #Developers #CodeNewbie
Instagram,chanuxbro,25/10/2024,Sharing my development journey,Image,9584,51,#TechWorld #TechUpdates #TechJourney
Instagram,chanuxbro,28/04/2024,Tech hacks to make life easier,Image,4234,13,#ProgrammingTips #TechLover #InnovationLab
Instagram,chanuxbro,19/09/2024,Building apps that matter,Image,8024,138,#TechSolutions #NextGenTech #DevLife
Instagram,chanuxbro,09/04/2024,Inspired by innovation,Image,9209,73,#SoftwareDev #TechGuru #CodeMaster
Instagram,chanuxbro,15/04/2024,Always experimenting with new tools,Image,2906,145,#InnovationHub #TechInspiration #FutureReady
Instagram,chanuxbro,08/09/2023,Keeping up with trends,Image,2024,100,#TechGrowth #DigitalSkills #CodeEveryday
Instagram,chanuxbro,05/09/2024,Sharing knowledge freely,Image,2514,162,#Tech #Coding #Programming
Instagram,chanuxbro,25/01/2023,Tech talk for everyone,Video,6118,165,#Innovation #Developer #Software
Instagram,chanuxbro,26/01/2023,Bringing ideas to life,Video,5157,74,#AI #MachineLearning #DataScience
Instagram,chanuxbro,13/11/2023,Collaborating with tech enthusiasts,Video,3961,12,#TechTips #Debugging #CodeLife
Instagram,chanuxbro,12/02/2024,Exploring AI and machine learning,Video,6952,176,#TechCommunity #OpenSource #JavaScript
Instagram,chanuxbro,25/04/2024,Making tech accessible,Video,2427,171,#Python #WebDevelopment #AppDevelopment
Instagram,chanuxbro,25/12/2023,Coding for impact,Video,8739,48,#TechNews #Technology #FutureTech
Instagram,chanuxbro,10/02/2024,Embracing challenges with tech,Video,9793,162,#DigitalTransformation #TechTrends #Startups
Instagram,chanuxbro,15/05/2024,Future-ready skills,Video,4446,17,#AIRevolution #CloudComputing #BigData
Instagram,chanuxbro,12/12/2024,From code to creation,Video,8233,47,#TechEducation #CodingLife #ProgrammingLife
Instagram,chanuxbro,12/05/2024,Tech-driven lifestyle,Video,5205,35,#SoftwareEngineering #TechSkills #TechTalk
Instagram,anarkalli,02/05/2024,Promoting quality you can trust,Video,2111,111,#Promotion #Sponsored #Ad
Instagram,anarkalli,18/10/2024,Sharing products I love,Video,1036,163,#BrandAmbassador #TrustedBrands #Deals
Instagram,anarkalli,22/09/2024,Bringing you the best deals,Video,9699,122,#ProductReview #Shopping #Lifestyle
Instagram,anarkalli,11/02/2023,Spotlighting trusted brands,Video,1821,37,#ExclusiveOffers #Wellness #Beauty
Instagram,anarkalli,01/03/2023,Helping you find what matters,Video,8132,36,#Fashion #TechGadgets #HomeEssentials
Instagram,anarkalli,06/06/2023,Passionate about great products,Video,2355,169,#HealthyLiving #LifestyleUpgrade #SmartShopping
Instagram,anarkalli,13/10/2024,Highlighting daily essentials,Video,5135,48,#LocalBusiness #ShopLocal #Value
Instagram,anarkalli,04/02/2024,Making shopping easier,Video,9634,150,#ProductTips #TrustedReviews #FavoriteThings
Instagram,anarkalli,17/08/2023,Sharing honest reviews,Image,6923,112,#ProductGuide #QualityFirst #MustHave
Instagram,anarkalli,16/09/2023,Connecting you to top brands,Image,3977,141,#BuySmart #ShoppingTips #Promo
Instagram,anarkalli,19/12/2023,Love what you wear and use,Image,5781,174,#InfluencerMarketing #BrandLove #ShopWithMe
Instagram,anarkalli,10/08/2023,Discover new favorites with me,Video,6413,110,#ProductDiscovery #DailyDeals #ShopNow
Instagram,anarkalli,17/12/2023,Trusted promotions for you,Video,4215,187,#FashionFinds #TechTrends #HomeGoods
Instagram,anarkalli,23/12/2023,Supporting local businesses,Video,9298,174,#BestBuys #CustomerFavorites #ShopEasy
Instagram,anarkalli,29/07/2024,Your go-to for product tips,Video,4217,129,#Discounts #SpecialOffers #SaveMore
Instagram,anarkalli,02/11/2024,Sharing exclusive offers,Image,7879,88,#TopProducts #OnlineShopping #DealAlert
Instagram,anarkalli,17/12/2023,Curated picks just for you,Image,9006,187,#Bargain #LimitedOffer #GrabNow
Instagram,anarkalli,05/10/2024,Promoting wellness and beauty,Image,6319,188,#ExclusiveDeal #FlashSale #HotDeal
Instagram,anarkalli,26/01/2023,Fashion finds youâ€™ll adore,Image,9539,59,#ShopSmart #SaveBig #DailyDeals
Instagram,anarkalli,18/05/2024,Tech gadgets that amaze,Image,8313,14,#QualityProducts #TrustedChoice #LoveIt
Instagram,anarkalli,10/09/2023,Home essentials that help,Image,1143,69,#ShoppingSpree #DealHunter #MustBuy
Instagram,anarkalli,14/04/2024,Healthy living made simple,Image,9608,30,#LatestOffers #PromoCode #OnlineDeals
Instagram,anarkalli,06/05/2023,Promoting with passion,Image,9136,59,#GiftIdeas #HolidayShopping #Savings
Instagram,anarkalli,02/09/2024,Sharing lifestyle upgrades,Image,2117,194,#AffordablePrices #GreatDeals #BestChoice
Instagram,anarkalli,16/03/2023,Trusted brand ambassador,Image,7569,33,#CustomerLove #HappyShopping #ShopTillDrop
Instagram,anarkalli,10/03/2024,Your product guide here,Image,9377,123,#NewArrivals #TrendAlert #ShopNow
Instagram,anarkalli,21/08/2024,Making choices simpler,Image,1247,142,#ShopLocal #SupportSmallBiz #Community
Instagram,anarkalli,08/10/2023,Join me in exploring quality,Image,9373,65,#SmartBuyer #DealOfTheDay #Discounts
Instagram,anarkalli,19/01/2023,Bringing value every day,Image,4244,108,#ShopAndSave #Shopaholic #DealAlert
Instagram,anarkalli,08/02/2023,Helping you shop smarter,Image,9958,110,#Promotion #Sponsored #Ad
Instagram,kanchanaanuradhi,28/11/2023,Bringing beauty to everyday life,Image,5629,107,#Beauty #Lifestyle #Wellness
Instagram,kanchanaanuradhi,13/04/2023,Sharing my favorite products,Image,1484,169,#SelfCare #GlowUp #Confidence
Instagram,kanchanaanuradhi,28/07/2023,Inspired by nature and elegance,Image,5297,124,#NaturalBeauty #HealthyLiving #Inspiration
Instagram,kanchanaanuradhi,26/11/2023,Living life with confidence,Image,6511,136,#BeautyTips #Radiance #SelfLove
Instagram,kanchanaanuradhi,13/08/2023,Promoting wellness and self-care,Video,3582,186,#Skincare #Makeup #Elegance
Instagram,kanchanaanuradhi,03/01/2023,Highlighting timeless beauty,Video,7316,21,#HealthyLifestyle #PositiveVibes #DailyInspo
Instagram,kanchanaanuradhi,08/04/2023,Making every day radiant,Video,5092,25,#BeautyRoutine #WellnessJourney #NaturalGlow
Instagram,kanchanaanuradhi,25/05/2024,Passionate about natural glow,Video,5756,185,#Empowerment #InnerBeauty #SelfConfidence
Instagram,kanchanaanuradhi,28/05/2024,Sharing tips for healthy living,Video,7767,191,#BeautyCommunity #LoveYourself #CareTips
Instagram,kanchanaanuradhi,14/10/2023,Empowering through self-love,Video,5977,103,#BeautyProducts #LifestyleInspo #GlowTips
Instagram,kanchanaanuradhi,14/05/2023,Beauty is confidence,Video,9580,26,#HealthySkin #BeautyGoals #ShineBright
Instagram,kanchanaanuradhi,10/09/2024,Curating products I trust,Video,8048,70,#SelfCareSunday #BeautyHacks #SkincareRoutine
Instagram,kanchanaanuradhi,30/09/2024,Your daily dose of inspiration,Video,8348,71,#ConfidenceBoost #WellnessTips #BeautySecrets
Instagram,kanchanaanuradhi,01/10/2024,Spreading positivity and care,Video,4015,174,#BeautyLife #InnerGlow #RadiantSkin
Instagram,kanchanaanuradhi,17/11/2024,Celebrating inner and outer beauty,Video,8669,130,#SimpleBeauty #Grace #BeautyInspo
Instagram,kanchanaanuradhi,14/11/2023,Your guide to effortless style,Video,3484,103,#FeelGoodLookGood #PositiveEnergy #SelfCareMatters
Instagram,kanchanaanuradhi,18/07/2023,Sharing my wellness journey,Video,9486,147,#NaturalLook #HealthyHabits #LoveYourSkin
Instagram,kanchanaanuradhi,19/03/2023,Confidence is the best accessory,Video,1969,95,#BeautyEssentials #FreshLook #GlowFromWithin
Instagram,kanchanaanuradhi,02/09/2023,Embracing natural beauty daily,Video,6325,88,#TimelessBeauty #CareRoutine #HealthyGlow
Instagram,kanchanaanuradhi,12/11/2024,Making self-care simple,Video,3278,178,#BeautyLover #SkincareAddict #SelfCareRoutine
Instagram,kanchanaanuradhi,29/12/2023,Promoting happiness and health,Video,7091,147,#GlowEveryday #BeautifulInsideOut #HappySkin
Instagram,kanchanaanuradhi,18/01/2024,Inspired by simplicity and grace,Video,1738,152,#SkinCareTips #HealthyGlowUp #LoveYourselfFirst
Instagram,kanchanaanuradhi,25/07/2023,Balancing life with beauty and care,Video,4367,69,#RadiateConfidence #BeautyMagic #InnerStrength
Instagram,kanchanaanuradhi,10/01/2024,Discover new favorites with me,Video,7767,89,#NaturalGlowUp #SelfLoveJourney #BeautyAndWellness
Instagram,kanchanaanuradhi,25/09/2023,Lifestyle tips youâ€™ll love,Video,6231,92,#BrightSkin #CareTips #SkinHealth
Instagram,kanchanaanuradhi,11/11/2024,Beauty and wellness first,Video,6503,75,#BeautyInspiration #PositiveMindset #HealthyChoices
Instagram,kanchanaanuradhi,24/05/2024,Supporting self-love every day,Video,9016,54,#SelfCareGoals #GlowWithConfidence #SkincareGoals
Instagram,kanchanaanuradhi,22/06/2024,Sharing what makes me shine,Video,9088,139,#LoveYourGlow #HealthyAndHappy #BeautyBalance
Instagram,kanchanaanuradhi,12/07/2024,Helping you feel your best,Video,3693,18,#Beauty #Lifestyle #Wellness
Instagram,kanchanaanuradhi,21/02/2023,Beauty from the inside out,Video,1517,151,#SelfCare #GlowUp #Confidence
Instagram,anuradha_edirisinghe_,08/11/2024,"Grace isnâ€™t just in movements, itâ€™s in the soul âœ¨",Video,4504,100,#Elegance
Instagram,anuradha_edirisinghe_,05/10/2023,Simplicity is the keynote of all true elegance ğŸ’«,Video,2534,93,#Graceful
Instagram,anuradha_edirisinghe_,29/11/2024,Confidence is the best outfit â€“ wear it like a queen ğŸ’ƒ,Video,3694,186,#TraditionalBeauty
Instagram,anuradha_edirisinghe_,15/04/2023,Wearing tradition with pride â¤ï¸,Video,7297,80,#SareeVibes
Instagram,anuradha_edirisinghe_,04/02/2024,Shine from within â€“ it never fades ğŸŒŸ,Video,1947,157,#SriLankanStyle
Instagram,anuradha_edirisinghe_,08/02/2024,Be your own kind of beautiful ğŸŒ¸,Image,4579,21,#FashionDiaries
Instagram,anuradha_edirisinghe_,27/01/2024,Every outfit tells a story â€“ make it art ğŸ¨,Image,3973,147,#StyleInspiration
Instagram,anuradha_edirisinghe_,12/10/2023,Radiate elegance wherever you go ğŸ‘‘,Image,6437,58,#CulturalElegance
Instagram,anuradha_edirisinghe_,22/12/2023,Beauty begins the moment you decide to be yourself ğŸ’–,Image,7538,139,#TimelessBeauty
Instagram,anuradha_edirisinghe_,10/06/2024,"Sri Lankan roots, global grace ğŸŒğŸ‡±ğŸ‡°",Image,7203,16,#BoldAndBeautiful
Instagram,anuradha_edirisinghe_,28/07/2024,Mood today: classy with a touch of fierce ğŸ’„,Image,7120,11,#NaturalGlow
Instagram,anuradha_edirisinghe_,29/07/2024,Confidence made this look iconic ğŸ‘—,Image,6897,175,#PoiseAndPower
Instagram,anuradha_edirisinghe_,21/08/2024,"Styled by culture, driven by dreams ğŸŒº",Image,8701,130,#SlayTheDay
Instagram,anuradha_edirisinghe_,19/12/2023,"Slaying softly, glowing fiercely ğŸ”¥",Image,2690,163,#QueenVibes
Instagram,anuradha_edirisinghe_,17/07/2023,Elegance starts where trends end ğŸŒ·,Image,9719,71,#AuthenticStyle
Instagram,anuradha_edirisinghe_,26/01/2023,Blooming with grace every day ğŸŒ¼,Image,1874,59,#BeautyWithGrace
Instagram,anuradha_edirisinghe_,19/11/2024,"Wrapped in beauty, walking with purpose ğŸ’«",Image,1477,89,#DrapeGoals
Instagram,anuradha_edirisinghe_,10/09/2023,Let your natural glow do the talking ğŸŒ,Video,9960,118,#ChicLook
Instagram,anuradha_edirisinghe_,07/10/2024,Tradition meets modern in every look ğŸ•Šï¸,Video,2763,84,#DesiFashion
Instagram,anuradha_edirisinghe_,18/09/2023,Style isnâ€™t just fashion â€“ itâ€™s identity ğŸ’¥,Video,2979,108,#GlowUp
Instagram,anuradha_edirisinghe_,04/06/2023,When your vibe speaks louder than words ğŸ’ƒ,Video,6850,121,#IconicStyle
Instagram,anuradha_edirisinghe_,03/10/2023,"Heart full of dreams, soul on fire ğŸ”¥",Video,1721,104,#TraditionWithTwist
Instagram,anuradha_edirisinghe_,14/01/2024,Fixing my crown in silence ğŸ‘‘,Video,5386,169,#SareeGoals
Instagram,anuradha_edirisinghe_,02/06/2023,Let your inner light shine through âœ¨,Video,5300,111,#ModernElegance
Instagram,anuradha_edirisinghe_,20/03/2024,Beauty beyond filters and frames ğŸ“¸,Video,5080,136,#ConfidenceIsKey
Instagram,anuradha_edirisinghe_,01/10/2024,"Power, poise, and a little sparkle ğŸ’…",Video,7094,198,#EthnicFashion
Instagram,anuradha_edirisinghe_,22/07/2023,"Moving with grace, glowing with peace ğŸ’«",Video,6491,178,#CulturalPride
Instagram,anuradha_edirisinghe_,19/02/2023,Saree days and soulful ways ğŸŒº,Video,7873,33,#StyledWithLove
Instagram,anuradha_edirisinghe_,25/09/2023,Itâ€™s not just a look â€“ itâ€™s an aura ğŸŒŸ,Image,6582,20,#SlayWithGrace
Instagram,anuradha_edirisinghe_,11/07/2024,Wearing confidence louder than makeup ğŸ¤,Image,8665,26,#FashionStatement